Tabla de frecuencias;Promedio;Teoria
{'1': 5, '2': 5, '3': 5};5.0;0.0
{'1': 4, '2': 7, '3': 4};5.0;5.333333333333333
{'1': 5, '2': 6, '3': 4};5.0;2.6666666666666665
{'1': 4, '2': 7, '3': 4};5.0;5.333333333333333
